Ativo,Data,Hora,Abertura,Máximo,Mínimo,Fechamento,Volume,Quantidade
WINJ20,09/04/2020,17:50:00,78055.00,78190.00,77960.00,78190.00,385240061.70,24670
WINJ20,09/04/2020,17:45:00,77965.00,78075.00,77930.00,78055.00,354900519.20,22751
WINJ20,09/04/2020,17:40:00,77895.00,78000.00,77885.00,77960.00,450025128.60,28867
WINJ20,09/04/2020,17:35:00,77835.00,77945.00,77790.00,77895.00,378898782.60,24334
WINJ20,09/04/2020,17:30:00,77860.00,77900.00,77800.00,77835.00,430887799.40,27673
WINJ20,09/04/2020,17:25:00,77785.00,77895.00,77755.00,77860.00,424593139.30,27284
WINJ20,09/04/2020,17:20:00,77855.00,77900.00,77750.00,77780.00,544903517.10,35010
WINJ20,09/04/2020,17:15:00,77790.00,77915.00,77785.00,77860.00,533395580.90,34260
WINJ20,09/04/2020,17:10:00,77910.00,77945.00,77725.00,77790.00,790055659.60,50765
WINJ20,09/04/2020,17:05:00,77955.00,77970.00,77850.00,77910.00,649914906.60,41714
WINJ20,09/04/2020,17:00:00,77985.00,78025.00,77790.00,77960.00,1340580319.00,86030
WINJ20,09/04/2020,16:55:00,78140.00,78165.00,77830.00,77985.00,1680354892.00,107728
WINJ20,09/04/2020,16:50:00,77895.00,78145.00,77890.00,78140.00,1717362294.00,110059
WINJ20,09/04/2020,16:45:00,78190.00,78240.00,77880.00,77890.00,1598476179.00,102366
WINJ20,09/04/2020,16:40:00,78100.00,78390.00,78040.00,78190.00,1800054813.00,115076
WINJ20,09/04/2020,16:35:00,78240.00,78265.00,77925.00,78100.00,1802322746.00,115419
WINJ20,09/04/2020,16:30:00,78130.00,78410.00,78125.00,78235.00,2121059819.00,135478
WINJ20,09/04/2020,16:25:00,77845.00,78135.00,77845.00,78130.00,1713915190.00,109898
WINJ20,09/04/2020,16:20:00,78075.00,78120.00,77840.00,77845.00,1704735163.00,109347
WINJ20,09/04/2020,16:15:00,78110.00,78200.00,78020.00,78075.00,1319481071.00,84459
WINJ20,09/04/2020,16:10:00,78100.00,78220.00,78015.00,78110.00,1852950275.00,118606
WINJ20,09/04/2020,16:05:00,77930.00,78115.00,77800.00,78100.00,2021216106.00,129586
WINJ20,09/04/2020,16:00:00,77750.00,77985.00,77715.00,77930.00,1987221279.00,127650
WINJ20,09/04/2020,15:55:00,77565.00,77765.00,77420.00,77750.00,2090066524.00,134722
WINJ20,09/04/2020,15:50:00,77825.00,77865.00,77540.00,77565.00,1896539339.00,122032
WINJ20,09/04/2020,15:45:00,77835.00,77925.00,77710.00,77825.00,1581287186.00,101608
WINJ20,09/04/2020,15:40:00,77955.00,78040.00,77620.00,77840.00,2608380668.00,167625
WINJ20,09/04/2020,15:35:00,77965.00,78080.00,77845.00,77955.00,1944513540.00,124716
WINJ20,09/04/2020,15:30:00,77995.00,78290.00,77930.00,77970.00,2227494630.00,142570
WINJ20,09/04/2020,15:25:00,78190.00,78355.00,77935.00,77995.00,2388171817.00,152786
WINJ20,09/04/2020,15:20:00,78020.00,78235.00,77820.00,78190.00,2483046440.00,159112
WINJ20,09/04/2020,15:15:00,78025.00,78090.00,77910.00,78015.00,1679828140.00,107680
WINJ20,09/04/2020,15:10:00,77965.00,78135.00,77925.00,78025.00,1664550398.00,106648
WINJ20,09/04/2020,15:05:00,78070.00,78165.00,77875.00,77965.00,2547497193.00,163273
WINJ20,09/04/2020,15:00:00,78490.00,78535.00,78065.00,78075.00,2246506110.00,143461
WINJ20,09/04/2020,14:55:00,78320.00,78575.00,78260.00,78490.00,1759253305.00,112139
WINJ20,09/04/2020,14:50:00,78350.00,78440.00,78155.00,78320.00,2166800004.00,138401
WINJ20,09/04/2020,14:45:00,78370.00,78450.00,78300.00,78350.00,1421803593.00,90710
WINJ20,09/04/2020,14:40:00,78410.00,78525.00,78250.00,78365.00,2314102377.00,147565
WINJ20,09/04/2020,14:35:00,78870.00,78895.00,78380.00,78410.00,3061858708.00,194780
WINJ20,09/04/2020,14:30:00,78940.00,79155.00,78830.00,78870.00,1875845808.00,118778
WINJ20,09/04/2020,14:25:00,79025.00,79095.00,78705.00,78945.00,2664185641.00,168781
WINJ20,09/04/2020,14:20:00,79245.00,79260.00,78955.00,79025.00,1709613614.00,108086
WINJ20,09/04/2020,14:15:00,79165.00,79300.00,79040.00,79245.00,1764353801.00,111441
WINJ20,09/04/2020,14:10:00,79330.00,79360.00,78935.00,79160.00,2515347290.00,158978
WINJ20,09/04/2020,14:05:00,79330.00,79355.00,79205.00,79330.00,1649108212.00,104007
WINJ20,09/04/2020,14:00:00,79560.00,79580.00,79310.00,79330.00,1496625887.00,94181
WINJ20,09/04/2020,13:55:00,79325.00,79625.00,79255.00,79565.00,2044749740.00,128618
WINJ20,09/04/2020,13:50:00,79350.00,79445.00,79220.00,79325.00,1344519643.00,84745
WINJ20,09/04/2020,13:45:00,79375.00,79490.00,79230.00,79350.00,1730704936.00,109048
WINJ20,09/04/2020,13:40:00,79460.00,79590.00,79375.00,79375.00,1754939179.00,110392
WINJ20,09/04/2020,13:35:00,79190.00,79465.00,79115.00,79465.00,1600085464.00,100921
WINJ20,09/04/2020,13:30:00,79265.00,79445.00,79185.00,79190.00,1742462372.00,109876
WINJ20,09/04/2020,13:25:00,79430.00,79465.00,79235.00,79270.00,1668198120.00,105139
WINJ20,09/04/2020,13:20:00,79490.00,79625.00,79420.00,79425.00,1734811315.00,109058
WINJ20,09/04/2020,13:15:00,79230.00,79495.00,79175.00,79490.00,1768940485.00,111504
WINJ20,09/04/2020,13:10:00,79140.00,79240.00,78885.00,79235.00,1829447317.00,115723
WINJ20,09/04/2020,13:05:00,79085.00,79190.00,78970.00,79145.00,1614311392.00,102061
WINJ20,09/04/2020,13:00:00,79270.00,79315.00,78810.00,79085.00,2404051283.00,152108
WINJ20,09/04/2020,12:55:00,79310.00,79355.00,79185.00,79275.00,1248658310.00,78762
WINJ20,09/04/2020,12:50:00,79475.00,79520.00,79235.00,79315.00,1469163463.00,92566
WINJ20,09/04/2020,12:45:00,79430.00,79575.00,79350.00,79475.00,1496247830.00,94142
WINJ20,09/04/2020,12:40:00,79445.00,79550.00,79270.00,79425.00,1681974414.00,105896
WINJ20,09/04/2020,12:35:00,79310.00,79540.00,79135.00,79450.00,2000759532.00,126147
WINJ20,09/04/2020,12:30:00,79565.00,79685.00,79235.00,79305.00,2059932880.00,129622
WINJ20,09/04/2020,12:25:00,79185.00,79600.00,79080.00,79560.00,2272912484.00,143154
WINJ20,09/04/2020,12:20:00,79215.00,79420.00,79085.00,79185.00,2471410775.00,155958
WINJ20,09/04/2020,12:15:00,79490.00,79505.00,79145.00,79215.00,2253709297.00,142076
WINJ20,09/04/2020,12:10:00,79455.00,79540.00,79220.00,79495.00,2504507707.00,157797
WINJ20,09/04/2020,12:05:00,79360.00,79675.00,79305.00,79460.00,2722260842.00,171283
WINJ20,09/04/2020,12:00:00,79900.00,79925.00,79335.00,79360.00,2706354854.00,169913
WINJ20,09/04/2020,11:55:00,79885.00,80150.00,79805.00,79900.00,2199952513.00,137500
WINJ20,09/04/2020,11:50:00,80060.00,80100.00,79810.00,79885.00,2470151298.00,154493
WINJ20,09/04/2020,11:45:00,80220.00,80415.00,80050.00,80055.00,2206864713.00,137502
WINJ20,09/04/2020,11:40:00,80305.00,80345.00,80075.00,80220.00,2077781655.00,129522
WINJ20,09/04/2020,11:35:00,80375.00,80470.00,80170.00,80305.00,2364576571.00,147219
WINJ20,09/04/2020,11:30:00,80120.00,80455.00,80005.00,80375.00,4059448290.00,252972
WINJ20,09/04/2020,11:25:00,79115.00,80130.00,79045.00,80125.00,4570362344.00,287170
WINJ20,09/04/2020,11:20:00,79180.00,79265.00,78935.00,79120.00,2690038840.00,170061
WINJ20,09/04/2020,11:15:00,79430.00,79485.00,79170.00,79180.00,2325311083.00,146669
WINJ20,09/04/2020,11:10:00,79355.00,79535.00,79315.00,79430.00,1670514252.00,105142
WINJ20,09/04/2020,11:05:00,79520.00,79580.00,79310.00,79355.00,2744500913.00,172718
WINJ20,09/04/2020,11:00:00,79980.00,80000.00,79510.00,79515.00,2558142525.00,160335
WINJ20,09/04/2020,10:55:00,79810.00,80080.00,79720.00,79980.00,2413895001.00,150979
WINJ20,09/04/2020,10:50:00,79845.00,79880.00,79665.00,79810.00,1870733750.00,117278
WINJ20,09/04/2020,10:45:00,79860.00,79935.00,79725.00,79840.00,2074056044.00,129915
WINJ20,09/04/2020,10:40:00,79615.00,80050.00,79610.00,79860.00,3617396457.00,226463
WINJ20,09/04/2020,10:35:00,79655.00,79780.00,79495.00,79615.00,2111046680.00,132549
WINJ20,09/04/2020,10:30:00,79530.00,79910.00,79410.00,79660.00,3524403080.00,221275
WINJ20,09/04/2020,10:25:00,79775.00,79825.00,79485.00,79530.00,1783198593.00,111962
WINJ20,09/04/2020,10:20:00,79635.00,79870.00,79625.00,79770.00,1798958464.00,112740
WINJ20,09/04/2020,10:15:00,79500.00,79795.00,79450.00,79630.00,2245050675.00,140972
WINJ20,09/04/2020,10:10:00,79620.00,79740.00,79475.00,79500.00,2015679847.00,126539
WINJ20,09/04/2020,10:05:00,79225.00,79630.00,79170.00,79620.00,2403330476.00,151266
WINJ20,09/04/2020,10:00:00,79170.00,79395.00,79015.00,79225.00,2625573372.00,165711
WINJ20,09/04/2020,09:55:00,78900.00,79290.00,78830.00,79175.00,2260318572.00,142877
WINJ20,09/04/2020,09:50:00,78920.00,79000.00,78810.00,78900.00,1887684137.00,119614
WINJ20,09/04/2020,09:45:00,78565.00,78925.00,78500.00,78920.00,2656396965.00,168744
WINJ20,09/04/2020,09:40:00,78345.00,78570.00,78190.00,78565.00,1826266041.00,116509
WINJ20,09/04/2020,09:35:00,78535.00,78585.00,78300.00,78345.00,1534074753.00,97782
WINJ20,09/04/2020,09:30:00,78000.00,78770.00,77980.00,78530.00,3739745623.00,238471
WINJ20,09/04/2020,09:25:00,77835.00,78025.00,77750.00,78005.00,1052244931.00,67551
WINJ20,09/04/2020,09:20:00,77660.00,78040.00,77655.00,77830.00,1559695373.00,100173
WINJ20,09/04/2020,09:15:00,77785.00,77835.00,77595.00,77660.00,1210760349.00,77910
WINJ20,09/04/2020,09:10:00,77945.00,77990.00,77680.00,77780.00,1391464244.00,89434
WINJ20,09/04/2020,09:05:00,77905.00,78080.00,77800.00,77945.00,1313375551.00,84276
WINJ20,09/04/2020,09:00:00,78510.00,78590.00,77830.00,77905.00,1089885655.00,69804
WINJ20,08/04/2020,17:50:00,78910.00,79125.00,78850.00,79090.00,687717550.10,43526
WINJ20,08/04/2020,17:45:00,78920.00,78950.00,78780.00,78905.00,434913266.40,27576
WINJ20,08/04/2020,17:40:00,78750.00,78960.00,78735.00,78915.00,584896028.50,37084
WINJ20,08/04/2020,17:35:00,78715.00,78800.00,78700.00,78755.00,539258974.90,34237
WINJ20,08/04/2020,17:30:00,78675.00,78735.00,78665.00,78715.00,408113260.00,25927
WINJ20,08/04/2020,17:25:00,78785.00,78815.00,78660.00,78675.00,580765088.50,36883
WINJ20,08/04/2020,17:20:00,78740.00,78795.00,78640.00,78785.00,758972160.10,48209
WINJ20,08/04/2020,17:15:00,78820.00,78820.00,78715.00,78740.00,527056657.70,33455
WINJ20,08/04/2020,17:10:00,78740.00,78855.00,78690.00,78825.00,767732045.20,48723
WINJ20,08/04/2020,17:05:00,78670.00,78845.00,78585.00,78740.00,957372078.00,60828
WINJ20,08/04/2020,17:00:00,78625.00,78710.00,78560.00,78670.00,925259376.60,58826
WINJ20,08/04/2020,16:55:00,78855.00,78880.00,78520.00,78630.00,2038838204.00,129612
WINJ20,08/04/2020,16:50:00,78810.00,79180.00,78810.00,78855.00,2437758109.00,154370
WINJ20,08/04/2020,16:45:00,78840.00,78950.00,78740.00,78815.00,1783875686.00,113124
WINJ20,08/04/2020,16:40:00,78675.00,78900.00,78520.00,78840.00,2115156983.00,134381
WINJ20,08/04/2020,16:35:00,78820.00,78865.00,78630.00,78680.00,1497600896.00,95108
WINJ20,08/04/2020,16:30:00,78755.00,79020.00,78750.00,78820.00,1935217568.00,122633
WINJ20,08/04/2020,16:25:00,78680.00,78835.00,78670.00,78755.00,1368550634.00,86887
WINJ20,08/04/2020,16:20:00,78795.00,78930.00,78590.00,78675.00,1929422593.00,122550
WINJ20,08/04/2020,16:15:00,78740.00,78905.00,78705.00,78795.00,1444809254.00,91667
WINJ20,08/04/2020,16:10:00,79030.00,79065.00,78720.00,78740.00,1802424082.00,114285
WINJ20,08/04/2020,16:05:00,78920.00,79115.00,78850.00,79035.00,1962532125.00,124229
WINJ20,08/04/2020,16:00:00,78665.00,78935.00,78520.00,78925.00,2208713560.00,140196
WINJ20,08/04/2020,15:55:00,78690.00,78725.00,78565.00,78660.00,1283306474.00,81583
WINJ20,08/04/2020,15:50:00,78500.00,78720.00,78440.00,78690.00,1579813309.00,100510
WINJ20,08/04/2020,15:45:00,78570.00,78775.00,78480.00,78495.00,2096580709.00,133335
WINJ20,08/04/2020,15:40:00,78550.00,78690.00,78520.00,78565.00,1681790748.00,106969
WINJ20,08/04/2020,15:35:00,78335.00,78610.00,78280.00,78550.00,2051063994.00,130706
WINJ20,08/04/2020,15:30:00,78180.00,78465.00,78105.00,78335.00,2443665393.00,156055
WINJ20,08/04/2020,15:25:00,78240.00,78400.00,78155.00,78180.00,2433881163.00,155453
WINJ20,08/04/2020,15:20:00,77935.00,78250.00,77835.00,78240.00,2050088350.00,131405
WINJ20,08/04/2020,15:15:00,77700.00,77940.00,77660.00,77935.00,1775001969.00,114035
WINJ20,08/04/2020,15:10:00,77785.00,77835.00,77610.00,77705.00,1350578473.00,86868
WINJ20,08/04/2020,15:05:00,77790.00,77840.00,77650.00,77785.00,1423950839.00,91581
WINJ20,08/04/2020,15:00:00,77580.00,77875.00,77535.00,77790.00,1573249254.00,101232
WINJ20,08/04/2020,14:55:00,77635.00,77775.00,77370.00,77575.00,2004189303.00,129243
WINJ20,08/04/2020,14:50:00,77515.00,77720.00,77470.00,77640.00,1392795601.00,89744
WINJ20,08/04/2020,14:45:00,77430.00,77630.00,77420.00,77515.00,1402653301.00,90441
WINJ20,08/04/2020,14:40:00,77425.00,77530.00,77335.00,77430.00,1560090874.00,100721
WINJ20,08/04/2020,14:35:00,77620.00,77670.00,77360.00,77425.00,1955472073.00,126124
WINJ20,08/04/2020,14:30:00,77740.00,77845.00,77580.00,77625.00,1644778155.00,105828
WINJ20,08/04/2020,14:25:00,77960.00,78040.00,77715.00,77735.00,1693718226.00,108754
WINJ20,08/04/2020,14:20:00,77855.00,77995.00,77785.00,77960.00,1297537137.00,83270
WINJ20,08/04/2020,14:15:00,77830.00,77920.00,77750.00,77860.00,1551592630.00,99659
WINJ20,08/04/2020,14:10:00,77680.00,77845.00,77545.00,77835.00,1473878200.00,94867
WINJ20,08/04/2020,14:05:00,77675.00,77795.00,77585.00,77675.00,1370613436.00,88180
WINJ20,08/04/2020,14:00:00,77630.00,77765.00,77470.00,77670.00,1950607367.00,125645
WINJ20,08/04/2020,13:55:00,77590.00,77670.00,77450.00,77630.00,1390347994.00,89617
WINJ20,08/04/2020,13:50:00,77640.00,77735.00,77540.00,77590.00,1216979962.00,78372
WINJ20,08/04/2020,13:45:00,77765.00,77820.00,77635.00,77645.00,1285328455.00,82685
WINJ20,08/04/2020,13:40:00,77895.00,77945.00,77710.00,77765.00,1610753697.00,103477
WINJ20,08/04/2020,13:35:00,77715.00,77900.00,77485.00,77895.00,2713879348.00,174669
WINJ20,08/04/2020,13:30:00,77685.00,77800.00,77610.00,77720.00,1344587361.00,86528
WINJ20,08/04/2020,13:25:00,77915.00,77970.00,77670.00,77690.00,1478167283.00,95007
WINJ20,08/04/2020,13:20:00,77935.00,77995.00,77775.00,77910.00,1555698883.00,99859
WINJ20,08/04/2020,13:15:00,77855.00,78115.00,77855.00,77935.00,1938284687.00,124272
WINJ20,08/04/2020,13:10:00,77680.00,77900.00,77550.00,77850.00,1946066280.00,125191
WINJ20,08/04/2020,13:05:00,77755.00,77810.00,77615.00,77675.00,1368778813.00,88066
WINJ20,08/04/2020,13:00:00,77780.00,77870.00,77645.00,77755.00,1698666076.00,109254
WINJ20,08/04/2020,12:55:00,77950.00,78160.00,77765.00,77785.00,1971848514.00,126506
WINJ20,08/04/2020,12:50:00,78230.00,78265.00,77925.00,77950.00,1628102997.00,104234
WINJ20,08/04/2020,12:45:00,77950.00,78355.00,77870.00,78230.00,2341362600.00,149886
WINJ20,08/04/2020,12:40:00,77970.00,78095.00,77905.00,77950.00,1649708368.00,105735
WINJ20,08/04/2020,12:35:00,77815.00,78050.00,77790.00,77970.00,1900870114.00,121982
WINJ20,08/04/2020,12:30:00,77775.00,77935.00,77625.00,77815.00,2008494304.00,129147
WINJ20,08/04/2020,12:25:00,77545.00,77900.00,77525.00,77775.00,2547410061.00,163795
WINJ20,08/04/2020,12:20:00,77455.00,77635.00,77435.00,77540.00,1809824291.00,116707
WINJ20,08/04/2020,12:15:00,77330.00,77530.00,77245.00,77450.00,2361978921.00,152575
WINJ20,08/04/2020,12:10:00,76990.00,77400.00,76980.00,77330.00,2081019317.00,134787
WINJ20,08/04/2020,12:05:00,76925.00,77090.00,76805.00,76995.00,2073087573.00,134734
WINJ20,08/04/2020,12:00:00,77180.00,77200.00,76860.00,76925.00,1964968624.00,127549
WINJ20,08/04/2020,11:55:00,77145.00,77280.00,76865.00,77175.00,2373990181.00,154010
WINJ20,08/04/2020,11:50:00,77235.00,77365.00,77110.00,77145.00,1743259235.00,112851
WINJ20,08/04/2020,11:45:00,77200.00,77485.00,77105.00,77235.00,2704387284.00,174920
WINJ20,08/04/2020,11:40:00,77035.00,77220.00,76910.00,77205.00,2206095229.00,143180
WINJ20,08/04/2020,11:35:00,77325.00,77395.00,77030.00,77035.00,1903996991.00,123304
WINJ20,08/04/2020,11:30:00,77275.00,77450.00,77155.00,77320.00,2015647214.00,130367
WINJ20,08/04/2020,11:25:00,77050.00,77425.00,77030.00,77275.00,2279257374.00,147566
WINJ20,08/04/2020,11:20:00,77050.00,77270.00,76890.00,77045.00,2728950843.00,176998
WINJ20,08/04/2020,11:15:00,76715.00,77060.00,76655.00,77050.00,2378323531.00,154641
WINJ20,08/04/2020,11:10:00,76335.00,76780.00,76335.00,76715.00,2085608859.00,136254
WINJ20,08/04/2020,11:05:00,76495.00,76600.00,76180.00,76335.00,2460149096.00,161106
WINJ20,08/04/2020,11:00:00,76440.00,76735.00,76435.00,76490.00,2033488182.00,132763
WINJ20,08/04/2020,10:55:00,76475.00,76580.00,76315.00,76440.00,2291659319.00,149883
WINJ20,08/04/2020,10:50:00,76710.00,76820.00,76460.00,76475.00,2632752928.00,171797
WINJ20,08/04/2020,10:45:00,76935.00,77150.00,76670.00,76705.00,2721344101.00,176828
WINJ20,08/04/2020,10:40:00,76665.00,77090.00,76665.00,76930.00,2818140755.00,183172
WINJ20,08/04/2020,10:35:00,76605.00,76795.00,76390.00,76665.00,2560462446.00,167101
WINJ20,08/04/2020,10:30:00,76480.00,76880.00,76330.00,76605.00,3586917763.00,234054
WINJ20,08/04/2020,10:25:00,76415.00,76620.00,76355.00,76485.00,2170151056.00,141818
WINJ20,08/04/2020,10:20:00,76335.00,76450.00,76190.00,76420.00,1587904030.00,104016
WINJ20,08/04/2020,10:15:00,76230.00,76545.00,76115.00,76335.00,2346861174.00,153742
WINJ20,08/04/2020,10:10:00,76515.00,76640.00,76205.00,76235.00,2265211623.00,148260
WINJ20,08/04/2020,10:05:00,76575.00,76765.00,76275.00,76510.00,3239198574.00,211704
WINJ20,08/04/2020,10:00:00,76610.00,76840.00,76520.00,76570.00,2164638746.00,141087
WINJ20,08/04/2020,09:55:00,76480.00,76630.00,76350.00,76610.00,1903946134.00,124507
WINJ20,08/04/2020,09:50:00,76850.00,76895.00,76450.00,76485.00,2337786426.00,152561
WINJ20,08/04/2020,09:45:00,76795.00,76915.00,76745.00,76850.00,1317051388.00,85709
WINJ20,08/04/2020,09:40:00,76975.00,77040.00,76665.00,76795.00,2188501090.00,142465
WINJ20,08/04/2020,09:35:00,76990.00,77060.00,76775.00,76980.00,2379208316.00,154639
WINJ20,08/04/2020,09:30:00,77140.00,77235.00,76980.00,76990.00,1735707534.00,112541
WINJ20,08/04/2020,09:25:00,77305.00,77365.00,77135.00,77140.00,1651856619.00,106916
WINJ20,08/04/2020,09:20:00,77635.00,77740.00,77305.00,77310.00,1756623392.00,113287
WINJ20,08/04/2020,09:15:00,77575.00,77765.00,77480.00,77630.00,1318219045.00,84914
WINJ20,08/04/2020,09:10:00,77450.00,77695.00,77365.00,77575.00,1148808795.00,74075
WINJ20,08/04/2020,09:05:00,77355.00,77550.00,77245.00,77450.00,1369241643.00,88412
WINJ20,08/04/2020,09:00:00,77050.00,77465.00,76800.00,77360.00,990919206.40,64192
WINJ20,07/04/2020,17:50:00,76500.00,76710.00,76460.00,76595.00,499998312.50,32636
WINJ20,07/04/2020,17:45:00,76370.00,76545.00,76370.00,76505.00,318516580.80,20826
WINJ20,07/04/2020,17:40:00,76450.00,76555.00,76355.00,76375.00,483251150.20,31610
WINJ20,07/04/2020,17:35:00,76490.00,76530.00,76290.00,76450.00,614465497.10,40215
WINJ20,07/04/2020,17:30:00,76585.00,76650.00,76360.00,76490.00,744729278.10,48685
WINJ20,07/04/2020,17:25:00,76580.00,76650.00,76435.00,76585.00,620905724.20,40552
WINJ20,07/04/2020,17:20:00,76380.00,76610.00,76380.00,76580.00,800579403.80,52311
WINJ20,07/04/2020,17:15:00,76285.00,76395.00,76165.00,76380.00,745386526.00,48871
WINJ20,07/04/2020,17:10:00,76330.00,76490.00,76220.00,76285.00,1025757278.00,67148
WINJ20,07/04/2020,17:05:00,76130.00,76365.00,76075.00,76325.00,1177565514.00,77269
WINJ20,07/04/2020,17:00:00,76480.00,76530.00,76070.00,76125.00,1495102819.00,97994
WINJ20,07/04/2020,16:55:00,76710.00,76735.00,76335.00,76480.00,1987138577.00,129858
WINJ20,07/04/2020,16:50:00,77250.00,77285.00,76460.00,76710.00,3089991877.00,201275
WINJ20,07/04/2020,16:45:00,76960.00,77270.00,76900.00,77255.00,1728433413.00,112085
WINJ20,07/04/2020,16:40:00,76960.00,77075.00,76850.00,76955.00,1463281319.00,95062
WINJ20,07/04/2020,16:35:00,76855.00,77000.00,76650.00,76965.00,2148362750.00,139818
WINJ20,07/04/2020,16:30:00,76645.00,76940.00,76355.00,76850.00,2911643428.00,190010
WINJ20,07/04/2020,16:25:00,76700.00,77095.00,76575.00,76645.00,2542941438.00,165518
WINJ20,07/04/2020,16:20:00,76955.00,77085.00,76660.00,76695.00,2811892391.00,182823
WINJ20,07/04/2020,16:15:00,77545.00,77630.00,76945.00,76960.00,2787321780.00,180530
WINJ20,07/04/2020,16:10:00,77660.00,77810.00,77515.00,77540.00,1844381320.00,118766
WINJ20,07/04/2020,16:05:00,77530.00,77680.00,77305.00,77655.00,1804862384.00,116418
WINJ20,07/04/2020,16:00:00,77360.00,77740.00,77225.00,77530.00,2286135228.00,147418
WINJ20,07/04/2020,15:55:00,77580.00,77675.00,77255.00,77355.00,2308191896.00,148992
WINJ20,07/04/2020,15:50:00,77710.00,77805.00,77440.00,77580.00,2013886208.00,129694
WINJ20,07/04/2020,15:45:00,77730.00,77990.00,77665.00,77715.00,1807620679.00,116126
WINJ20,07/04/2020,15:40:00,77845.00,77905.00,77640.00,77730.00,1998233068.00,128459
WINJ20,07/04/2020,15:35:00,78065.00,78135.00,77815.00,77845.00,2259822630.00,144901
WINJ20,07/04/2020,15:30:00,78025.00,78235.00,77955.00,78065.00,1993821113.00,127642
WINJ20,07/04/2020,15:25:00,77960.00,78290.00,77950.00,78025.00,2478194359.00,158682
WINJ20,07/04/2020,15:20:00,77330.00,77990.00,77270.00,77960.00,2806737774.00,180695
WINJ20,07/04/2020,15:15:00,77685.00,77765.00,77290.00,77325.00,2613211430.00,168628
WINJ20,07/04/2020,15:10:00,77605.00,77865.00,77555.00,77685.00,1893029064.00,121783
WINJ20,07/04/2020,15:05:00,77885.00,77900.00,77480.00,77605.00,2914105220.00,187675
WINJ20,07/04/2020,15:00:00,78140.00,78175.00,77840.00,77885.00,1987160352.00,127469
WINJ20,07/04/2020,14:55:00,78190.00,78215.00,78025.00,78140.00,1561881837.00,99980
WINJ20,07/04/2020,14:50:00,78360.00,78365.00,78065.00,78190.00,2105382674.00,134601
WINJ20,07/04/2020,14:45:00,78290.00,78495.00,78250.00,78360.00,1744527643.00,111257
WINJ20,07/04/2020,14:40:00,78120.00,78395.00,77975.00,78295.00,2449960327.00,156659
WINJ20,07/04/2020,14:35:00,78180.00,78300.00,78055.00,78115.00,2051249978.00,131193
WINJ20,07/04/2020,14:30:00,78495.00,78560.00,78105.00,78175.00,2425707813.00,154836
WINJ20,07/04/2020,14:25:00,78310.00,78515.00,78240.00,78495.00,1334757361.00,85167
WINJ20,07/04/2020,14:20:00,78310.00,78460.00,78150.00,78305.00,1683906828.00,107525
WINJ20,07/04/2020,14:15:00,78320.00,78395.00,78130.00,78310.00,1711963795.00,109365
WINJ20,07/04/2020,14:10:00,78285.00,78420.00,78100.00,78325.00,1966074066.00,125611
WINJ20,07/04/2020,14:05:00,78475.00,78600.00,78170.00,78280.00,2011578334.00,128303
WINJ20,07/04/2020,14:00:00,78435.00,78595.00,78340.00,78475.00,1863790487.00,118760
WINJ20,07/04/2020,13:55:00,78460.00,78635.00,78335.00,78440.00,2057254895.00,131069
WINJ20,07/04/2020,13:50:00,78760.00,78770.00,78410.00,78460.00,1847592037.00,117567
WINJ20,07/04/2020,13:45:00,78750.00,78870.00,78605.00,78760.00,1753990189.00,111357
WINJ20,07/04/2020,13:40:00,78535.00,78785.00,78430.00,78745.00,1949066150.00,123969
WINJ20,07/04/2020,13:35:00,78585.00,78690.00,78365.00,78530.00,2052002227.00,130642
WINJ20,07/04/2020,13:30:00,78845.00,78960.00,78505.00,78580.00,2255646790.00,143318
WINJ20,07/04/2020,13:25:00,78895.00,78990.00,78645.00,78855.00,2481616117.00,157479
WINJ20,07/04/2020,13:20:00,79340.00,79370.00,78850.00,78890.00,2357946933.00,149060
WINJ20,07/04/2020,13:15:00,79095.00,79415.00,79070.00,79340.00,1916520964.00,120884
WINJ20,07/04/2020,13:10:00,79255.00,79260.00,78965.00,79090.00,1736326621.00,109786
WINJ20,07/04/2020,13:05:00,79115.00,79285.00,79110.00,79255.00,1376895591.00,86924
WINJ20,07/04/2020,13:00:00,78890.00,79155.00,78880.00,79120.00,1778168851.00,112485
WINJ20,07/04/2020,12:55:00,78870.00,78980.00,78670.00,78895.00,1939666536.00,123039
WINJ20,07/04/2020,12:50:00,79015.00,79080.00,78745.00,78875.00,1842238178.00,116744
WINJ20,07/04/2020,12:45:00,79090.00,79215.00,78925.00,79010.00,1988535837.00,125757
WINJ20,07/04/2020,12:40:00,79225.00,79325.00,79070.00,79090.00,1766275605.00,111476
WINJ20,07/04/2020,12:35:00,79055.00,79230.00,78945.00,79225.00,1735318088.00,109705
WINJ20,07/04/2020,12:30:00,78865.00,79150.00,78840.00,79055.00,1943326532.00,122967
WINJ20,07/04/2020,12:25:00,78690.00,78955.00,78395.00,78870.00,2563857453.00,162904
WINJ20,07/04/2020,12:20:00,78665.00,78770.00,78530.00,78695.00,1580152234.00,100464
WINJ20,07/04/2020,12:15:00,78560.00,78825.00,78550.00,78670.00,1732259573.00,110005
WINJ20,07/04/2020,12:10:00,78620.00,78755.00,78440.00,78560.00,1935323478.00,123135
WINJ20,07/04/2020,12:05:00,78290.00,78640.00,78210.00,78615.00,2154125359.00,137310
WINJ20,07/04/2020,12:00:00,78255.00,78360.00,78070.00,78290.00,2020779674.00,129208
WINJ20,07/04/2020,11:55:00,77900.00,78400.00,77850.00,78255.00,2341503256.00,149779
WINJ20,07/04/2020,11:50:00,78005.00,78195.00,77760.00,77900.00,3017810299.00,193546
WINJ20,07/04/2020,11:45:00,78730.00,78855.00,77980.00,78005.00,3048398874.00,194379
WINJ20,07/04/2020,11:40:00,78735.00,78985.00,78505.00,78735.00,2767487791.00,175737
WINJ20,07/04/2020,11:35:00,78620.00,78910.00,78565.00,78730.00,2720697004.00,172724
WINJ20,07/04/2020,11:30:00,78195.00,78685.00,78085.00,78625.00,2676693185.00,170566
WINJ20,07/04/2020,11:25:00,78140.00,78420.00,78035.00,78190.00,2227741935.00,142375
WINJ20,07/04/2020,11:20:00,78655.00,78765.00,78115.00,78145.00,3032664715.00,193399
WINJ20,07/04/2020,11:15:00,78430.00,78680.00,78360.00,78660.00,2278259593.00,145054
WINJ20,07/04/2020,11:10:00,78435.00,78645.00,78285.00,78425.00,2700277153.00,172087
WINJ20,07/04/2020,11:05:00,78680.00,78885.00,78360.00,78435.00,3198158603.00,203465
WINJ20,07/04/2020,11:00:00,79110.00,79205.00,78560.00,78675.00,3478745507.00,220528
WINJ20,07/04/2020,10:55:00,79340.00,79435.00,79050.00,79115.00,2264787972.00,142910
WINJ20,07/04/2020,10:50:00,79160.00,79350.00,78825.00,79340.00,3603668513.00,227877
WINJ20,07/04/2020,10:45:00,79290.00,79450.00,79130.00,79155.00,2447630878.00,154278
WINJ20,07/04/2020,10:40:00,79145.00,79405.00,79080.00,79295.00,2663016385.00,168046
WINJ20,07/04/2020,10:35:00,79520.00,79610.00,79140.00,79145.00,2394951617.00,150907
WINJ20,07/04/2020,10:30:00,79880.00,79975.00,79415.00,79520.00,3138589630.00,196997
WINJ20,07/04/2020,10:25:00,79880.00,79985.00,79665.00,79880.00,2039190396.00,127696
WINJ20,07/04/2020,10:20:00,79610.00,79895.00,79515.00,79885.00,2412100672.00,151341
WINJ20,07/04/2020,10:15:00,79655.00,79820.00,79530.00,79610.00,2486112138.00,155993
WINJ20,07/04/2020,10:10:00,79150.00,79660.00,79030.00,79650.00,2802174833.00,176685
WINJ20,07/04/2020,10:05:00,79025.00,79175.00,78925.00,79150.00,1828154644.00,115625
WINJ20,07/04/2020,10:00:00,79315.00,79460.00,79010.00,79030.00,2144701403.00,135438
WINJ20,07/04/2020,09:55:00,79260.00,79405.00,79105.00,79310.00,1906122935.00,120238
WINJ20,07/04/2020,09:50:00,79495.00,79505.00,79255.00,79260.00,1504975636.00,94815
WINJ20,07/04/2020,09:45:00,79360.00,79520.00,79200.00,79490.00,1603526990.00,101055
WINJ20,07/04/2020,09:40:00,79285.00,79470.00,79230.00,79360.00,1746266052.00,110022
WINJ20,07/04/2020,09:35:00,79025.00,79335.00,78925.00,79285.00,1691649337.00,106923
WINJ20,07/04/2020,09:30:00,78500.00,79145.00,78450.00,79020.00,2374331412.00,150575
WINJ20,07/04/2020,09:25:00,78310.00,78695.00,78285.00,78505.00,2097844664.00,133550
WINJ20,07/04/2020,09:20:00,78290.00,78500.00,78220.00,78305.00,1281440084.00,81749
WINJ20,07/04/2020,09:15:00,78325.00,78360.00,78170.00,78290.00,1031447329.00,65893
WINJ20,07/04/2020,09:10:00,78135.00,78600.00,78050.00,78320.00,1801574769.00,114947
WINJ20,07/04/2020,09:05:00,77620.00,78300.00,77520.00,78140.00,1960233206.00,125765
WINJ20,07/04/2020,09:00:00,77800.00,78030.00,77555.00,77625.00,699416006.30,44972
WINJ20,06/04/2020,17:50:00,74435.00,74630.00,74395.00,74400.00,465951653.70,31277
WINJ20,06/04/2020,17:45:00,74315.00,74460.00,74300.00,74430.00,380868043.50,25599
WINJ20,06/04/2020,17:40:00,74180.00,74465.00,74125.00,74315.00,776130548.10,52219
WINJ20,06/04/2020,17:35:00,73980.00,74240.00,73865.00,74180.00,677202924.80,45724
WINJ20,06/04/2020,17:30:00,74235.00,74330.00,73830.00,73980.00,1109808210.00,74955
WINJ20,06/04/2020,17:25:00,74450.00,74460.00,74180.00,74235.00,814813318.80,54830
WINJ20,06/04/2020,17:20:00,74450.00,74585.00,74380.00,74455.00,789522821.40,52994
WINJ20,06/04/2020,17:15:00,74420.00,74565.00,74315.00,74450.00,898969345.00,60389
WINJ20,06/04/2020,17:10:00,74055.00,74455.00,73930.00,74420.00,1370727245.00,92387
WINJ20,06/04/2020,17:05:00,74095.00,74170.00,74005.00,74055.00,688997759.00,46498
WINJ20,06/04/2020,17:00:00,73970.00,74195.00,73920.00,74095.00,1049221058.00,70846
WINJ20,06/04/2020,16:55:00,74150.00,74340.00,73890.00,73965.00,2184507997.00,147363
WINJ20,06/04/2020,16:50:00,73745.00,74180.00,73745.00,74150.00,2232000107.00,150831
WINJ20,06/04/2020,16:45:00,73565.00,73770.00,73455.00,73745.00,1562754340.00,106149
WINJ20,06/04/2020,16:40:00,73560.00,73690.00,73350.00,73565.00,1709576375.00,116291
WINJ20,06/04/2020,16:35:00,73250.00,73645.00,73115.00,73550.00,1929747240.00,131378
WINJ20,06/04/2020,16:30:00,73280.00,73420.00,73150.00,73245.00,1702345492.00,116140
WINJ20,06/04/2020,16:25:00,73000.00,73315.00,72920.00,73285.00,1686709128.00,115313
WINJ20,06/04/2020,16:20:00,72615.00,73075.00,72610.00,73000.00,2390038629.00,164022
WINJ20,06/04/2020,16:15:00,72910.00,72945.00,72610.00,72615.00,1596653562.00,109704
WINJ20,06/04/2020,16:10:00,73255.00,73290.00,72740.00,72910.00,2654592432.00,181905
WINJ20,06/04/2020,16:05:00,73130.00,73440.00,73120.00,73255.00,1791970032.00,122252
WINJ20,06/04/2020,16:00:00,73335.00,73400.00,73050.00,73130.00,2292568025.00,156536
WINJ20,06/04/2020,15:55:00,73675.00,73825.00,73305.00,73335.00,2086897131.00,141862
WINJ20,06/04/2020,15:50:00,73635.00,73920.00,73610.00,73675.00,1718119031.00,116413
WINJ20,06/04/2020,15:45:00,73815.00,73865.00,73565.00,73635.00,2336061138.00,158487
WINJ20,06/04/2020,15:40:00,74315.00,74385.00,73735.00,73810.00,3287811579.00,222086
WINJ20,06/04/2020,15:35:00,74635.00,74700.00,74270.00,74320.00,1952370665.00,131014
WINJ20,06/04/2020,15:30:00,74665.00,74750.00,74540.00,74630.00,1465111187.00,98131
WINJ20,06/04/2020,15:25:00,74650.00,74820.00,74580.00,74655.00,1835142841.00,122823
WINJ20,06/04/2020,15:20:00,74495.00,74680.00,74450.00,74655.00,1608822756.00,107886
WINJ20,06/04/2020,15:15:00,74510.00,74560.00,74430.00,74490.00,1454706629.00,97644
WINJ20,06/04/2020,15:10:00,74630.00,74720.00,74450.00,74505.00,1735064586.00,116303
WINJ20,06/04/2020,15:05:00,74790.00,74805.00,74560.00,74630.00,1574621993.00,105453
WINJ20,06/04/2020,15:00:00,74875.00,74925.00,74710.00,74790.00,1684345259.00,112594
WINJ20,06/04/2020,14:55:00,75065.00,75130.00,74870.00,74875.00,1517649362.00,101154
WINJ20,06/04/2020,14:50:00,75195.00,75250.00,75060.00,75060.00,1029908359.00,68509
WINJ20,06/04/2020,14:45:00,75190.00,75300.00,75100.00,75195.00,1461047393.00,97140
WINJ20,06/04/2020,14:40:00,75035.00,75220.00,75000.00,75190.00,1223634956.00,81429
WINJ20,06/04/2020,14:35:00,75035.00,75175.00,74985.00,75035.00,1408468218.00,93796
WINJ20,06/04/2020,14:30:00,75090.00,75125.00,74975.00,75040.00,1130980344.00,75350
WINJ20,06/04/2020,14:25:00,75145.00,75250.00,75055.00,75090.00,1284913758.00,85490
WINJ20,06/04/2020,14:20:00,75265.00,75295.00,75125.00,75145.00,1135076542.00,75467
WINJ20,06/04/2020,14:15:00,74805.00,75370.00,74770.00,75260.00,2852996533.00,189972
WINJ20,06/04/2020,14:10:00,74760.00,74850.00,74665.00,74800.00,1408344096.00,94185
WINJ20,06/04/2020,14:05:00,74850.00,74880.00,74750.00,74760.00,1085734367.00,72569
WINJ20,06/04/2020,14:00:00,74900.00,74965.00,74825.00,74845.00,1168133442.00,77984
WINJ20,06/04/2020,13:55:00,74775.00,74905.00,74740.00,74900.00,812011928.80,54270
WINJ20,06/04/2020,13:50:00,74805.00,74835.00,74715.00,74775.00,922960855.40,61717
WINJ20,06/04/2020,13:45:00,74850.00,74875.00,74740.00,74805.00,1056086259.00,70595
WINJ20,06/04/2020,13:40:00,74870.00,74915.00,74760.00,74855.00,995276131.50,66513
WINJ20,06/04/2020,13:35:00,74890.00,74945.00,74780.00,74870.00,1224419304.00,81774
WINJ20,06/04/2020,13:30:00,74975.00,75015.00,74820.00,74890.00,1235886725.00,82493
WINJ20,06/04/2020,13:25:00,74920.00,75070.00,74875.00,74975.00,1488553794.00,99272
WINJ20,06/04/2020,13:20:00,74780.00,74980.00,74760.00,74920.00,1173291688.00,78361
WINJ20,06/04/2020,13:15:00,74775.00,74885.00,74715.00,74780.00,1178704895.00,78791
WINJ20,06/04/2020,13:10:00,74760.00,74830.00,74655.00,74775.00,1469500595.00,98301
WINJ20,06/04/2020,13:05:00,74645.00,74770.00,74520.00,74760.00,1540142948.00,103165
WINJ20,06/04/2020,13:00:00,74745.00,74770.00,74520.00,74650.00,2071854712.00,138783
WINJ20,06/04/2020,12:55:00,74955.00,74965.00,74720.00,74745.00,1327181023.00,88680
WINJ20,06/04/2020,12:50:00,74945.00,74995.00,74880.00,74950.00,1024413659.00,68358
WINJ20,06/04/2020,12:45:00,74950.00,75065.00,74830.00,74945.00,1664552506.00,111047
WINJ20,06/04/2020,12:40:00,74960.00,75100.00,74920.00,74950.00,1238739397.00,82562
WINJ20,06/04/2020,12:35:00,74985.00,75075.00,74910.00,74965.00,1362199339.00,90834
WINJ20,06/04/2020,12:30:00,75065.00,75230.00,74980.00,74990.00,2114553579.00,140766
WINJ20,06/04/2020,12:25:00,74790.00,75075.00,74750.00,75065.00,1419025723.00,94724
WINJ20,06/04/2020,12:20:00,74855.00,74915.00,74760.00,74795.00,1140812583.00,76231
WINJ20,06/04/2020,12:15:00,74870.00,75010.00,74825.00,74855.00,1305569892.00,87144
WINJ20,06/04/2020,12:10:00,74805.00,74980.00,74720.00,74875.00,1334192186.00,89125
WINJ20,06/04/2020,12:05:00,74855.00,74940.00,74765.00,74805.00,1215043760.00,81163
WINJ20,06/04/2020,12:00:00,74815.00,74980.00,74685.00,74850.00,1627727310.00,108752
WINJ20,06/04/2020,11:55:00,74810.00,74935.00,74745.00,74815.00,1499485389.00,100172
WINJ20,06/04/2020,11:50:00,74665.00,74845.00,74605.00,74805.00,1751438927.00,117194
WINJ20,06/04/2020,11:45:00,74795.00,74865.00,74655.00,74670.00,1546719000.00,103482
WINJ20,06/04/2020,11:40:00,75010.00,75070.00,74765.00,74795.00,1478067195.00,98657
WINJ20,06/04/2020,11:35:00,74840.00,75100.00,74810.00,75015.00,1828350041.00,121983
WINJ20,06/04/2020,11:30:00,74895.00,74985.00,74700.00,74845.00,1987047308.00,132769
WINJ20,06/04/2020,11:25:00,74960.00,75180.00,74830.00,74890.00,2051102571.00,136755
WINJ20,06/04/2020,11:20:00,74885.00,75090.00,74860.00,74960.00,1727496488.00,115219
WINJ20,06/04/2020,11:15:00,74675.00,74895.00,74655.00,74880.00,1571471989.00,105075
WINJ20,06/04/2020,11:10:00,74660.00,74830.00,74575.00,74675.00,1822187471.00,121983
WINJ20,06/04/2020,11:05:00,74415.00,74685.00,74240.00,74660.00,2044283128.00,137331
WINJ20,06/04/2020,11:00:00,74460.00,74620.00,74370.00,74415.00,1809412776.00,121458
WINJ20,06/04/2020,10:55:00,74285.00,74550.00,74115.00,74455.00,2281353256.00,153431
WINJ20,06/04/2020,10:50:00,74205.00,74500.00,74200.00,74285.00,2027733749.00,136341
WINJ20,06/04/2020,10:45:00,74050.00,74315.00,74045.00,74205.00,1861043879.00,125408
WINJ20,06/04/2020,10:40:00,73570.00,74130.00,73565.00,74050.00,2569365527.00,173721
WINJ20,06/04/2020,10:35:00,73330.00,73600.00,73240.00,73565.00,2270495965.00,154694
WINJ20,06/04/2020,10:30:00,73570.00,73730.00,73310.00,73335.00,2661586089.00,181099
WINJ20,06/04/2020,10:25:00,73700.00,73745.00,73550.00,73570.00,1042507303.00,70777
WINJ20,06/04/2020,10:20:00,73605.00,73815.00,73520.00,73695.00,1838768197.00,124821
WINJ20,06/04/2020,10:15:00,73440.00,73795.00,73440.00,73600.00,1849563296.00,125531
WINJ20,06/04/2020,10:10:00,73520.00,73585.00,73330.00,73440.00,1343478243.00,91436
WINJ20,06/04/2020,10:05:00,73620.00,73675.00,73410.00,73525.00,1490448564.00,101347
WINJ20,06/04/2020,10:00:00,73415.00,73625.00,73390.00,73620.00,1571196938.00,106896
WINJ20,06/04/2020,09:55:00,73385.00,73450.00,73345.00,73410.00,907285950.20,61801
WINJ20,06/04/2020,09:50:00,73160.00,73400.00,73110.00,73390.00,1246391946.00,85060
WINJ20,06/04/2020,09:45:00,73110.00,73260.00,73020.00,73160.00,1092920741.00,74691
WINJ20,06/04/2020,09:40:00,72975.00,73180.00,72920.00,73105.00,1118868688.00,76557
WINJ20,06/04/2020,09:35:00,72850.00,73055.00,72770.00,72975.00,1106402627.00,75832
WINJ20,06/04/2020,09:30:00,72830.00,72920.00,72745.00,72855.00,776248914.40,53302
WINJ20,06/04/2020,09:25:00,72900.00,72995.00,72800.00,72830.00,1027006532.00,70437
WINJ20,06/04/2020,09:20:00,72470.00,72925.00,72455.00,72905.00,1459892409.00,100391
WINJ20,06/04/2020,09:15:00,72490.00,72535.00,72275.00,72475.00,775426710.20,53560
WINJ20,06/04/2020,09:10:00,72545.00,72550.00,72230.00,72485.00,900618923.90,62223
WINJ20,06/04/2020,09:05:00,72410.00,72615.00,72150.00,72545.00,968722778.90,66891
WINJ20,06/04/2020,09:00:00,72650.00,72845.00,72225.00,72420.00,797816920.50,54967
WINJ20,03/04/2020,17:50:00,69480.00,69540.00,69295.00,69300.00,329086617.80,23710
WINJ20,03/04/2020,17:45:00,69400.00,69495.00,69345.00,69480.00,279616199.10,20138
WINJ20,03/04/2020,17:40:00,69430.00,69480.00,69250.00,69390.00,422204369.20,30429
WINJ20,03/04/2020,17:35:00,69325.00,69495.00,69240.00,69430.00,431354283.30,31089
WINJ20,03/04/2020,17:30:00,69370.00,69530.00,69225.00,69325.00,589923231.60,42520
WINJ20,03/04/2020,17:25:00,69475.00,69540.00,69305.00,69375.00,404428233.90,29131
WINJ20,03/04/2020,17:20:00,69495.00,69620.00,69420.00,69475.00,470870565.90,33870
WINJ20,03/04/2020,17:15:00,69305.00,69650.00,69200.00,69490.00,868946927.70,62619
WINJ20,03/04/2020,17:10:00,69350.00,69595.00,69235.00,69305.00,841730264.30,60598
WINJ20,03/04/2020,17:05:00,69320.00,69445.00,69260.00,69350.00,715131473.50,51560
WINJ20,03/04/2020,17:00:00,69255.00,69390.00,69165.00,69320.00,778795047.40,56202
WINJ20,03/04/2020,16:55:00,69210.00,69370.00,69015.00,69255.00,1504545239.00,108726
WINJ20,03/04/2020,16:50:00,68945.00,69305.00,68945.00,69210.00,1359248401.00,98211
WINJ20,03/04/2020,16:45:00,68520.00,69025.00,68510.00,68945.00,1381402710.00,100363
WINJ20,03/04/2020,16:40:00,68645.00,68750.00,68500.00,68520.00,1016815227.00,74103
WINJ20,03/04/2020,16:35:00,68645.00,68830.00,68560.00,68645.00,1463195974.00,106504
WINJ20,03/04/2020,16:30:00,69010.00,69180.00,68640.00,68645.00,1402090052.00,101742
WINJ20,03/04/2020,16:25:00,68905.00,69090.00,68840.00,69010.00,1030844753.00,74742
WINJ20,03/04/2020,16:20:00,69145.00,69220.00,68820.00,68905.00,1344806996.00,97454
WINJ20,03/04/2020,16:15:00,69065.00,69390.00,69035.00,69145.00,1312845678.00,94841
WINJ20,03/04/2020,16:10:00,69055.00,69235.00,68945.00,69065.00,1207591962.00,87394
WINJ20,03/04/2020,16:05:00,69080.00,69185.00,68910.00,69055.00,1323591681.00,95842
WINJ20,03/04/2020,16:00:00,69330.00,69510.00,69025.00,69080.00,1832830303.00,132282
WINJ20,03/04/2020,15:55:00,69015.00,69375.00,68985.00,69330.00,1593757435.00,115135
WINJ20,03/04/2020,15:50:00,68655.00,69125.00,68615.00,69010.00,1937735176.00,140587
WINJ20,03/04/2020,15:45:00,68470.00,68710.00,68235.00,68655.00,1598878080.00,116793
WINJ20,03/04/2020,15:40:00,68555.00,68670.00,68420.00,68465.00,969756751.20,70761
WINJ20,03/04/2020,15:35:00,68740.00,68800.00,68520.00,68555.00,997848841.60,72684
WINJ20,03/04/2020,15:30:00,68805.00,68825.00,68605.00,68745.00,1053269009.00,76645
WINJ20,03/04/2020,15:25:00,68610.00,68870.00,68560.00,68810.00,1297150408.00,94392
WINJ20,03/04/2020,15:20:00,68420.00,68665.00,68390.00,68610.00,1249525813.00,91134
WINJ20,03/04/2020,15:15:00,68700.00,68800.00,68375.00,68420.00,1791077526.00,130608
WINJ20,03/04/2020,15:10:00,68960.00,68980.00,68575.00,68695.00,1563212172.00,113732
WINJ20,03/04/2020,15:05:00,69110.00,69145.00,68905.00,68965.00,928360098.60,67247
WINJ20,03/04/2020,15:00:00,68985.00,69210.00,68880.00,69105.00,1474334119.00,106744
WINJ20,03/04/2020,14:55:00,68960.00,69050.00,68800.00,68985.00,987243364.40,71630
WINJ20,03/04/2020,14:50:00,69050.00,69170.00,68785.00,68955.00,1315592644.00,95378
WINJ20,03/04/2020,14:45:00,68905.00,69135.00,68890.00,69050.00,1206371611.00,87402
WINJ20,03/04/2020,14:40:00,68750.00,68925.00,68610.00,68905.00,1141567794.00,83023
WINJ20,03/04/2020,14:35:00,68760.00,69020.00,68675.00,68750.00,1507341724.00,109465
WINJ20,03/04/2020,14:30:00,68735.00,68870.00,68475.00,68765.00,1595930412.00,116230
WINJ20,03/04/2020,14:25:00,69020.00,69045.00,68605.00,68740.00,1571292589.00,114256
WINJ20,03/04/2020,14:20:00,69130.00,69235.00,68895.00,69015.00,1416097363.00,102524
WINJ20,03/04/2020,14:15:00,68935.00,69240.00,68900.00,69130.00,1354976868.00,98083
WINJ20,03/04/2020,14:10:00,69335.00,69340.00,68865.00,68935.00,1564541161.00,113234
WINJ20,03/04/2020,14:05:00,69205.00,69390.00,69030.00,69335.00,1716374130.00,123930
WINJ20,03/04/2020,14:00:00,69090.00,69250.00,68935.00,69195.00,1559649838.00,112829
WINJ20,03/04/2020,13:55:00,68845.00,69165.00,68800.00,69090.00,1695455591.00,122891
WINJ20,03/04/2020,13:50:00,68560.00,68845.00,68470.00,68845.00,1537811884.00,112014
WINJ20,03/04/2020,13:45:00,68865.00,68880.00,68370.00,68560.00,1583536542.00,115384
WINJ20,03/04/2020,13:40:00,68570.00,68890.00,68415.00,68865.00,1364807294.00,99439
WINJ20,03/04/2020,13:35:00,68350.00,68580.00,68295.00,68575.00,1180305847.00,86233
WINJ20,03/04/2020,13:30:00,68270.00,68490.00,68175.00,68350.00,1481629122.00,108401
WINJ20,03/04/2020,13:25:00,67985.00,68310.00,67865.00,68270.00,1494453543.00,109694
WINJ20,03/04/2020,13:20:00,67855.00,68095.00,67765.00,67985.00,1212171243.00,89195
WINJ20,03/04/2020,13:15:00,67940.00,68075.00,67710.00,67855.00,1373741746.00,101221
WINJ20,03/04/2020,13:10:00,68140.00,68215.00,67825.00,67950.00,1423147213.00,104621
WINJ20,03/04/2020,13:05:00,68155.00,68165.00,67870.00,68140.00,1264275706.00,92963
WINJ20,03/04/2020,13:00:00,68410.00,68535.00,67940.00,68160.00,1867925765.00,136886
WINJ20,03/04/2020,12:55:00,68295.00,68500.00,68280.00,68405.00,1138052891.00,83174
WINJ20,03/04/2020,12:50:00,68275.00,68365.00,68090.00,68290.00,1496777951.00,109715
WINJ20,03/04/2020,12:45:00,68600.00,68630.00,68230.00,68275.00,1796784912.00,131353
WINJ20,03/04/2020,12:40:00,69180.00,69185.00,68515.00,68605.00,1692631169.00,122946
WINJ20,03/04/2020,12:35:00,69150.00,69290.00,68850.00,69180.00,1705725399.00,123431
WINJ20,03/04/2020,12:30:00,68940.00,69225.00,68815.00,69150.00,1387391832.00,100484
WINJ20,03/04/2020,12:25:00,69025.00,69135.00,68705.00,68940.00,1675412584.00,121556
WINJ20,03/04/2020,12:20:00,69455.00,69660.00,68985.00,69025.00,1877589405.00,135424
WINJ20,03/04/2020,12:15:00,69240.00,69455.00,69150.00,69455.00,1287887368.00,92922
WINJ20,03/04/2020,12:10:00,69440.00,69580.00,69170.00,69235.00,1540663349.00,111046
WINJ20,03/04/2020,12:05:00,69705.00,69825.00,69270.00,69435.00,1862234100.00,133923
WINJ20,03/04/2020,12:00:00,69745.00,69945.00,69610.00,69705.00,1866945028.00,133765
WINJ20,03/04/2020,11:55:00,69355.00,69780.00,69215.00,69740.00,1599411277.00,115005
WINJ20,03/04/2020,11:50:00,69595.00,69810.00,69280.00,69355.00,1855059028.00,133321
WINJ20,03/04/2020,11:45:00,69415.00,69695.00,69330.00,69600.00,1556251911.00,111912
WINJ20,03/04/2020,11:40:00,69225.00,69515.00,69075.00,69410.00,1625429205.00,117311
WINJ20,03/04/2020,11:35:00,68990.00,69360.00,68955.00,69225.00,1957959169.00,141536
WINJ20,03/04/2020,11:30:00,69630.00,69720.00,68915.00,68985.00,2829448138.00,204279
WINJ20,03/04/2020,11:25:00,70000.00,70075.00,69550.00,69630.00,1865789918.00,133736
WINJ20,03/04/2020,11:20:00,69975.00,70100.00,69765.00,70005.00,1990510644.00,142321
WINJ20,03/04/2020,11:15:00,70490.00,70490.00,69930.00,69975.00,2132444573.00,151968
WINJ20,03/04/2020,11:10:00,70565.00,70680.00,70425.00,70485.00,1315874954.00,93263
WINJ20,03/04/2020,11:05:00,70380.00,70755.00,70375.00,70565.00,1398965755.00,99084
WINJ20,03/04/2020,11:00:00,70470.00,70890.00,70375.00,70375.00,1908770144.00,135145
WINJ20,03/04/2020,10:55:00,70600.00,70830.00,70320.00,70470.00,1749244310.00,123825
WINJ20,03/04/2020,10:50:00,70865.00,70960.00,70470.00,70600.00,2449491250.00,173265
WINJ20,03/04/2020,10:45:00,71420.00,71440.00,70830.00,70860.00,2465124474.00,173341
WINJ20,03/04/2020,10:40:00,71340.00,71660.00,71260.00,71420.00,1968020545.00,137671
WINJ20,03/04/2020,10:35:00,71340.00,71445.00,71075.00,71335.00,1900531028.00,133369
WINJ20,03/04/2020,10:30:00,71395.00,71600.00,71080.00,71340.00,2614493112.00,183388
WINJ20,03/04/2020,10:25:00,71545.00,71750.00,71250.00,71395.00,2199831909.00,153873
WINJ20,03/04/2020,10:20:00,71435.00,71700.00,71420.00,71545.00,1524755525.00,106552
WINJ20,03/04/2020,10:15:00,71590.00,71650.00,71285.00,71440.00,2238270002.00,156589
WINJ20,03/04/2020,10:10:00,71850.00,71900.00,71580.00,71590.00,1836261715.00,127939
WINJ20,03/04/2020,10:05:00,72315.00,72405.00,71780.00,71850.00,2007324783.00,139252
WINJ20,03/04/2020,10:00:00,72110.00,72480.00,72020.00,72320.00,1960256659.00,135577
WINJ20,03/04/2020,09:55:00,72020.00,72145.00,71880.00,72105.00,850857218.20,59102
WINJ20,03/04/2020,09:50:00,72010.00,72090.00,71815.00,72020.00,965964898.80,67090
WINJ20,03/04/2020,09:45:00,71915.00,72195.00,71780.00,72010.00,1204834224.00,83673
WINJ20,03/04/2020,09:40:00,71890.00,72285.00,71735.00,71915.00,1741000263.00,120873
WINJ20,03/04/2020,09:35:00,72005.00,72100.00,71810.00,71895.00,1155402128.00,80294
WINJ20,03/04/2020,09:30:00,71765.00,72210.00,71235.00,72005.00,1928127547.00,134282
WINJ20,03/04/2020,09:25:00,71815.00,71985.00,71480.00,71765.00,1420234975.00,99023
WINJ20,03/04/2020,09:20:00,72290.00,72295.00,71670.00,71810.00,1634607261.00,113550
WINJ20,03/04/2020,09:15:00,72405.00,72480.00,72255.00,72290.00,963583807.70,66589
WINJ20,03/04/2020,09:10:00,72530.00,72690.00,72380.00,72405.00,980499357.90,67588
WINJ20,03/04/2020,09:05:00,72725.00,72800.00,72520.00,72530.00,877581501.50,60387
WINJ20,03/04/2020,09:00:00,72450.00,73275.00,72450.00,72735.00,1026510667.00,70450
WINJ20,02/04/2020,17:50:00,72240.00,72285.00,72150.00,72250.00,227710644.30,15765
WINJ20,02/04/2020,17:45:00,72165.00,72305.00,72150.00,72240.00,303011891.30,20979
WINJ20,02/04/2020,17:40:00,72120.00,72190.00,72050.00,72165.00,281374639.00,19504
WINJ20,02/04/2020,17:35:00,72215.00,72265.00,72025.00,72115.00,461535648.60,31994
WINJ20,02/04/2020,17:30:00,72170.00,72290.00,72070.00,72205.00,488000900.00,33800
WINJ20,02/04/2020,17:25:00,72065.00,72230.00,72045.00,72170.00,443577915.40,30743
WINJ20,02/04/2020,17:20:00,72075.00,72155.00,71995.00,72060.00,512187840.40,35533
WINJ20,02/04/2020,17:15:00,72070.00,72325.00,72045.00,72075.00,835165815.10,57844
WINJ20,02/04/2020,17:10:00,72100.00,72145.00,71855.00,72070.00,1085697161.00,75417
WINJ20,02/04/2020,17:05:00,72290.00,72375.00,72000.00,72100.00,1027365587.00,71159
WINJ20,02/04/2020,17:00:00,72340.00,72435.00,72175.00,72290.00,913208798.30,63140
WINJ20,02/04/2020,16:55:00,72405.00,72515.00,72230.00,72340.00,1318703030.00,91108
WINJ20,02/04/2020,16:50:00,72065.00,72665.00,72055.00,72405.00,2204766384.00,152285
WINJ20,02/04/2020,16:45:00,72300.00,72335.00,71970.00,72070.00,1384726405.00,95931
WINJ20,02/04/2020,16:40:00,71890.00,72340.00,71860.00,72300.00,1588294153.00,110142
WINJ20,02/04/2020,16:35:00,71980.00,72090.00,71770.00,71890.00,1511172463.00,105097
WINJ20,02/04/2020,16:30:00,72190.00,72345.00,71900.00,71980.00,1659784736.00,115155
WINJ20,02/04/2020,16:25:00,72335.00,72345.00,72010.00,72195.00,1173067118.00,81293
WINJ20,02/04/2020,16:20:00,72330.00,72495.00,72235.00,72335.00,1260943585.00,87120
WINJ20,02/04/2020,16:15:00,72215.00,72380.00,72090.00,72335.00,1100827593.00,76201
WINJ20,02/04/2020,16:10:00,72415.00,72455.00,72075.00,72215.00,1312099536.00,90771
WINJ20,02/04/2020,16:05:00,72340.00,72425.00,72050.00,72415.00,1345103645.00,93124
WINJ20,02/04/2020,16:00:00,72395.00,72530.00,72255.00,72340.00,1184677158.00,81851
WINJ20,02/04/2020,15:55:00,72275.00,72495.00,72200.00,72395.00,1858278849.00,128443
WINJ20,02/04/2020,15:50:00,71805.00,72385.00,71645.00,72285.00,1910947286.00,132748
WINJ20,02/04/2020,15:45:00,71625.00,71905.00,71510.00,71805.00,1535120209.00,107029
WINJ20,02/04/2020,15:40:00,71935.00,71965.00,71445.00,71615.00,1740774681.00,121396
WINJ20,02/04/2020,15:35:00,71835.00,72025.00,71785.00,71935.00,1116997667.00,77669
WINJ20,02/04/2020,15:30:00,71740.00,72005.00,71530.00,71840.00,1808395044.00,126005
WINJ20,02/04/2020,15:25:00,71305.00,71805.00,71255.00,71740.00,1509576337.00,105459
WINJ20,02/04/2020,15:20:00,71085.00,71490.00,71010.00,71305.00,2052060868.00,143990
WINJ20,02/04/2020,15:15:00,71805.00,71870.00,71080.00,71085.00,1728082983.00,120674
WINJ20,02/04/2020,15:10:00,71455.00,71835.00,71455.00,71805.00,1415275934.00,98796
WINJ20,02/04/2020,15:05:00,71655.00,71765.00,71440.00,71455.00,1384602123.00,96669
WINJ20,02/04/2020,15:00:00,71915.00,71965.00,71535.00,71650.00,1992609984.00,138920
WINJ20,02/04/2020,14:55:00,72415.00,72415.00,71900.00,71915.00,1984411396.00,137582
WINJ20,02/04/2020,14:50:00,72505.00,72525.00,72380.00,72415.00,926712122.50,63959
WINJ20,02/04/2020,14:45:00,72430.00,72560.00,72300.00,72500.00,1365495582.00,94279
WINJ20,02/04/2020,14:40:00,72335.00,72495.00,72315.00,72430.00,1099204488.00,75911
WINJ20,02/04/2020,14:35:00,72220.00,72435.00,72180.00,72330.00,1371757967.00,94847
WINJ20,02/04/2020,14:30:00,72160.00,72295.00,72060.00,72225.00,1385113971.00,95945
WINJ20,02/04/2020,14:25:00,72415.00,72480.00,72110.00,72165.00,1635779736.00,113173
WINJ20,02/04/2020,14:20:00,72390.00,72575.00,72270.00,72415.00,1563943239.00,107957
WINJ20,02/04/2020,14:15:00,72580.00,72675.00,72335.00,72390.00,1684764201.00,116190
WINJ20,02/04/2020,14:10:00,72720.00,72855.00,72560.00,72585.00,1601054772.00,110119
WINJ20,02/04/2020,14:05:00,73075.00,73100.00,72675.00,72720.00,1896954268.00,130201
WINJ20,02/04/2020,14:00:00,73200.00,73325.00,73065.00,73080.00,1427205181.00,97467
WINJ20,02/04/2020,13:55:00,73435.00,73445.00,73160.00,73195.00,1131421305.00,77215
WINJ20,02/04/2020,13:50:00,73440.00,73485.00,73335.00,73440.00,999433689.60,68075
WINJ20,02/04/2020,13:45:00,73080.00,73465.00,73010.00,73445.00,1505874819.00,102728
WINJ20,02/04/2020,13:40:00,73065.00,73115.00,72830.00,73080.00,1361471459.00,93277
WINJ20,02/04/2020,13:35:00,72985.00,73175.00,72925.00,73065.00,1197639544.00,81991
WINJ20,02/04/2020,13:30:00,73020.00,73230.00,72975.00,72985.00,1254197815.00,85771
WINJ20,02/04/2020,13:25:00,73025.00,73125.00,72950.00,73020.00,1100185457.00,75318
WINJ20,02/04/2020,13:20:00,73160.00,73260.00,73000.00,73025.00,1388367286.00,94963
WINJ20,02/04/2020,13:15:00,73195.00,73290.00,73115.00,73160.00,986554796.40,67379
WINJ20,02/04/2020,13:10:00,73090.00,73300.00,73050.00,73200.00,1139284899.00,77827
WINJ20,02/04/2020,13:05:00,73075.00,73230.00,72995.00,73085.00,1236702699.00,84573
WINJ20,02/04/2020,13:00:00,72975.00,73170.00,72865.00,73075.00,1300451169.00,89037
WINJ20,02/04/2020,12:55:00,72875.00,73150.00,72710.00,72975.00,1629301976.00,111637
WINJ20,02/04/2020,12:50:00,73010.00,73130.00,72860.00,72875.00,1311681567.00,89872
WINJ20,02/04/2020,12:45:00,72740.00,73025.00,72650.00,73005.00,1349160038.00,92550
WINJ20,02/04/2020,12:40:00,72530.00,72775.00,72485.00,72740.00,1170251357.00,80523
WINJ20,02/04/2020,12:35:00,72685.00,72875.00,72440.00,72530.00,1851946563.00,127469
WINJ20,02/04/2020,12:30:00,72565.00,72725.00,72530.00,72685.00,1095359504.00,75398
WINJ20,02/04/2020,12:25:00,72720.00,72740.00,72420.00,72570.00,1494594769.00,102988
WINJ20,02/04/2020,12:20:00,72945.00,72970.00,72670.00,72720.00,1368721242.00,94027
WINJ20,02/04/2020,12:15:00,73030.00,73225.00,72875.00,72935.00,1388794834.00,95002
WINJ20,02/04/2020,12:10:00,73040.00,73105.00,72865.00,73030.00,1440858730.00,98739
WINJ20,02/04/2020,12:05:00,73400.00,73445.00,73005.00,73040.00,1623076069.00,110943
WINJ20,02/04/2020,12:00:00,73530.00,73590.00,73255.00,73400.00,1535291533.00,104555
WINJ20,02/04/2020,11:55:00,73220.00,73600.00,73150.00,73525.00,1988030087.00,135436
WINJ20,02/04/2020,11:50:00,73190.00,73495.00,73065.00,73220.00,2014567200.00,137542
WINJ20,02/04/2020,11:45:00,73440.00,73650.00,73170.00,73190.00,1890433062.00,128828
WINJ20,02/04/2020,11:40:00,73840.00,74040.00,73350.00,73445.00,2586698829.00,175648
WINJ20,02/04/2020,11:35:00,72525.00,73880.00,72525.00,73840.00,4001596223.00,273792
WINJ20,02/04/2020,11:30:00,72080.00,72555.00,72010.00,72525.00,2867776133.00,198253
WINJ20,02/04/2020,11:25:00,71975.00,72095.00,71610.00,72085.00,2409009757.00,167650
WINJ20,02/04/2020,11:20:00,72130.00,72220.00,71855.00,71975.00,1796266707.00,124621
WINJ20,02/04/2020,11:15:00,72115.00,72170.00,71815.00,72130.00,2105011707.00,146189
WINJ20,02/04/2020,11:10:00,72170.00,72250.00,72030.00,72115.00,1647968088.00,114200
WINJ20,02/04/2020,11:05:00,71995.00,72200.00,71650.00,72170.00,2479307111.00,172321
WINJ20,02/04/2020,11:00:00,71900.00,72105.00,71810.00,71990.00,1944633307.00,135103
WINJ20,02/04/2020,10:55:00,71575.00,71935.00,71560.00,71900.00,1725872250.00,120191
WINJ20,02/04/2020,10:50:00,71405.00,71780.00,71355.00,71575.00,2344522935.00,163740
WINJ20,02/04/2020,10:45:00,71655.00,71665.00,71250.00,71400.00,2521836082.00,176530
WINJ20,02/04/2020,10:40:00,72070.00,72170.00,71510.00,71650.00,2401635797.00,167210
WINJ20,02/04/2020,10:35:00,72215.00,72350.00,72045.00,72070.00,1976346118.00,136892
WINJ20,02/04/2020,10:30:00,71885.00,72280.00,71775.00,72215.00,2744793177.00,190392
WINJ20,02/04/2020,10:25:00,71685.00,71900.00,71635.00,71885.00,1529831830.00,106580
WINJ20,02/04/2020,10:20:00,71515.00,71700.00,71500.00,71690.00,1490571729.00,104086
WINJ20,02/04/2020,10:15:00,71330.00,71565.00,71295.00,71520.00,1553050955.00,108710
WINJ20,02/04/2020,10:10:00,71585.00,71720.00,71290.00,71325.00,2140836424.00,149663
WINJ20,02/04/2020,10:05:00,71710.00,71880.00,71530.00,71590.00,1765291893.00,123114
WINJ20,02/04/2020,10:00:00,71995.00,72065.00,71615.00,71705.00,1640727150.00,114148
WINJ20,02/04/2020,09:55:00,71970.00,72160.00,71830.00,71995.00,1414298537.00,98204
WINJ20,02/04/2020,09:50:00,71945.00,72105.00,71860.00,71975.00,1196938965.00,83135
WINJ20,02/04/2020,09:45:00,71950.00,72060.00,71775.00,71945.00,1392452164.00,96797
WINJ20,02/04/2020,09:40:00,71930.00,72000.00,71635.00,71955.00,1898954307.00,132195
WINJ20,02/04/2020,09:35:00,72205.00,72205.00,71870.00,71935.00,1709376696.00,118629
WINJ20,02/04/2020,09:30:00,72545.00,72665.00,72200.00,72200.00,2149375416.00,148394
WINJ20,02/04/2020,09:25:00,72515.00,72595.00,72405.00,72550.00,707248314.20,48771
WINJ20,02/04/2020,09:20:00,72615.00,72790.00,72430.00,72515.00,984413770.20,67783
WINJ20,02/04/2020,09:15:00,72545.00,72725.00,72505.00,72615.00,799466116.50,55053
WINJ20,02/04/2020,09:10:00,72630.00,72760.00,72535.00,72545.00,641264579.20,44135
WINJ20,02/04/2020,09:05:00,72855.00,72975.00,72585.00,72635.00,915031357.20,62894
WINJ20,02/04/2020,09:00:00,72810.00,73160.00,72650.00,72855.00,826173168.00,56680
WINJ20,01/04/2020,17:50:00,71330.00,71450.00,70785.00,71200.00,584012728.50,41036
WINJ20,01/04/2020,17:45:00,71250.00,71380.00,71140.00,71330.00,367797398.30,25799
WINJ20,01/04/2020,17:40:00,71240.00,71415.00,71170.00,71250.00,655666476.50,45988
WINJ20,01/04/2020,17:35:00,70910.00,71295.00,70900.00,71245.00,663755713.70,46685
WINJ20,01/04/2020,17:30:00,70935.00,71020.00,70830.00,70910.00,603697021.80,42557
WINJ20,01/04/2020,17:25:00,70720.00,70965.00,70700.00,70930.00,618461209.00,43645
WINJ20,01/04/2020,17:20:00,70645.00,70750.00,70615.00,70720.00,403423418.90,28535
WINJ20,01/04/2020,17:15:00,70760.00,70765.00,70515.00,70640.00,942008948.80,66681
WINJ20,01/04/2020,17:10:00,70890.00,70970.00,70740.00,70765.00,527820086.70,37246
WINJ20,01/04/2020,17:05:00,70950.00,70995.00,70840.00,70885.00,587850297.60,41455
WINJ20,01/04/2020,17:00:00,70900.00,70980.00,70785.00,70945.00,763131325.20,53817
WINJ20,01/04/2020,16:55:00,70985.00,71015.00,70720.00,70900.00,1728757095.00,121961
WINJ20,01/04/2020,16:50:00,70840.00,71040.00,70690.00,70990.00,2037677115.00,143762
WINJ20,01/04/2020,16:45:00,70195.00,70920.00,70190.00,70845.00,2212151230.00,156697
WINJ20,01/04/2020,16:40:00,70315.00,70530.00,70080.00,70195.00,2131491702.00,151607
WINJ20,01/04/2020,16:35:00,70720.00,70735.00,70250.00,70310.00,1852057455.00,131389
WINJ20,01/04/2020,16:30:00,70725.00,70940.00,70665.00,70720.00,1221755445.00,86266
WINJ20,01/04/2020,16:25:00,70780.00,70835.00,70595.00,70730.00,1203058247.00,85064
WINJ20,01/04/2020,16:20:00,71005.00,71040.00,70745.00,70780.00,965450943.10,68110
WINJ20,01/04/2020,16:15:00,70905.00,71095.00,70830.00,71010.00,1173958333.00,82711
WINJ20,01/04/2020,16:10:00,70790.00,71040.00,70655.00,70910.00,1235972681.00,87216
WINJ20,01/04/2020,16:05:00,70970.00,71100.00,70640.00,70795.00,1644564369.00,116062
WINJ20,01/04/2020,16:00:00,70785.00,71225.00,70575.00,70970.00,2322668610.00,163773
WINJ20,01/04/2020,15:55:00,70875.00,70930.00,70730.00,70785.00,1317672453.00,93023
WINJ20,01/04/2020,15:50:00,71150.00,71210.00,70865.00,70875.00,1305603552.00,91924
WINJ20,01/04/2020,15:45:00,71075.00,71290.00,70965.00,71145.00,1479865835.00,104023
WINJ20,01/04/2020,15:40:00,71310.00,71400.00,71050.00,71075.00,1496620136.00,105068
WINJ20,01/04/2020,15:35:00,70810.00,71370.00,70705.00,71310.00,1885052447.00,132683
WINJ20,01/04/2020,15:30:00,71000.00,71000.00,70750.00,70805.00,1403600328.00,99080
WINJ20,01/04/2020,15:25:00,70995.00,71100.00,70800.00,70995.00,1592488170.00,112243
WINJ20,01/04/2020,15:20:00,71315.00,71440.00,70965.00,71000.00,1780344943.00,124953
WINJ20,01/04/2020,15:15:00,71295.00,71345.00,71130.00,71320.00,1365081817.00,95816
WINJ20,01/04/2020,15:10:00,71445.00,71475.00,71275.00,71295.00,1250588167.00,87595
WINJ20,01/04/2020,15:05:00,71265.00,71570.00,71125.00,71440.00,1896923289.00,132823
WINJ20,01/04/2020,15:00:00,71170.00,71360.00,71110.00,71265.00,1742037168.00,122253
WINJ20,01/04/2020,14:55:00,70855.00,71290.00,70855.00,71175.00,1858761866.00,130736
WINJ20,01/04/2020,14:50:00,70760.00,70950.00,70630.00,70860.00,1644589715.00,116086
WINJ20,01/04/2020,14:45:00,70705.00,70830.00,70540.00,70760.00,1541292766.00,108995
WINJ20,01/04/2020,14:40:00,70460.00,70775.00,70450.00,70710.00,1703095978.00,120589
WINJ20,01/04/2020,14:35:00,70325.00,70475.00,70230.00,70455.00,1354761665.00,96304
WINJ20,01/04/2020,14:30:00,70575.00,70590.00,70315.00,70325.00,1461946315.00,103749
WINJ20,01/04/2020,14:25:00,70550.00,70640.00,70355.00,70570.00,1655095179.00,117369
WINJ20,01/04/2020,14:20:00,70340.00,70575.00,70310.00,70550.00,1211319628.00,85937
WINJ20,01/04/2020,14:15:00,70265.00,70475.00,70160.00,70340.00,1502592075.00,106828
WINJ20,01/04/2020,14:10:00,70150.00,70410.00,70075.00,70260.00,1393266868.00,99117
WINJ20,01/04/2020,14:05:00,70175.00,70255.00,70025.00,70150.00,1388654653.00,98974
WINJ20,01/04/2020,14:00:00,69835.00,70265.00,69780.00,70175.00,1707032430.00,121889
WINJ20,01/04/2020,13:55:00,69840.00,70050.00,69760.00,69835.00,1500595071.00,107290
WINJ20,01/04/2020,13:50:00,69515.00,69865.00,69425.00,69835.00,1498992774.00,107611
WINJ20,01/04/2020,13:45:00,69670.00,69715.00,69510.00,69515.00,1234233124.00,88682
WINJ20,01/04/2020,13:40:00,69900.00,69935.00,69560.00,69670.00,1493580260.00,107147
WINJ20,01/04/2020,13:35:00,69950.00,70065.00,69830.00,69895.00,1086425441.00,77671
WINJ20,01/04/2020,13:30:00,69900.00,70000.00,69750.00,69950.00,1223718415.00,87546
WINJ20,01/04/2020,13:25:00,70005.00,70085.00,69830.00,69900.00,1060092088.00,75780
WINJ20,01/04/2020,13:20:00,69830.00,70095.00,69780.00,70005.00,1217548795.00,87078
WINJ20,01/04/2020,13:15:00,70045.00,70070.00,69820.00,69830.00,1254638570.00,89717
WINJ20,01/04/2020,13:10:00,69915.00,70245.00,69905.00,70045.00,1471487996.00,105014
WINJ20,01/04/2020,13:05:00,70075.00,70190.00,69880.00,69920.00,1378434218.00,98446
WINJ20,01/04/2020,13:00:00,70395.00,70450.00,70035.00,70075.00,1579075966.00,112443
WINJ20,01/04/2020,12:55:00,70510.00,70625.00,70385.00,70405.00,1134785581.00,80465
WINJ20,01/04/2020,12:50:00,70430.00,70570.00,70350.00,70510.00,959345614.00,68071
WINJ20,01/04/2020,12:45:00,70460.00,70545.00,70260.00,70430.00,1154407163.00,82009
WINJ20,01/04/2020,12:40:00,70430.00,70505.00,70310.00,70460.00,1332650915.00,94655
WINJ20,01/04/2020,12:35:00,70585.00,70725.00,70410.00,70435.00,1372937314.00,97250
WINJ20,01/04/2020,12:30:00,70585.00,70635.00,70455.00,70590.00,1407160135.00,99751
WINJ20,01/04/2020,12:25:00,70775.00,70900.00,70520.00,70590.00,1625167336.00,114971
WINJ20,01/04/2020,12:20:00,71000.00,71105.00,70760.00,70780.00,1304964732.00,91964
WINJ20,01/04/2020,12:15:00,70935.00,71060.00,70815.00,71000.00,1284946309.00,90561
WINJ20,01/04/2020,12:10:00,70960.00,71155.00,70905.00,70940.00,1333965019.00,93897
WINJ20,01/04/2020,12:05:00,70865.00,71095.00,70745.00,70955.00,1991286604.00,140322
WINJ20,01/04/2020,12:00:00,70725.00,70880.00,70575.00,70865.00,1483032632.00,104808
WINJ20,01/04/2020,11:55:00,70670.00,70760.00,70480.00,70725.00,1368353531.00,96876
WINJ20,01/04/2020,11:50:00,70795.00,70915.00,70610.00,70670.00,1700558256.00,120161
WINJ20,01/04/2020,11:45:00,70460.00,70830.00,70455.00,70795.00,1516348812.00,107295
WINJ20,01/04/2020,11:40:00,70445.00,70540.00,70240.00,70460.00,1654048624.00,117495
WINJ20,01/04/2020,11:35:00,70680.00,70760.00,70410.00,70440.00,1686988365.00,119464
WINJ20,01/04/2020,11:30:00,70345.00,70695.00,70155.00,70675.00,2331180855.00,165545
WINJ20,01/04/2020,11:25:00,70535.00,70615.00,70320.00,70345.00,1349014903.00,95732
WINJ20,01/04/2020,11:20:00,70665.00,70845.00,70480.00,70535.00,1652733980.00,116914
WINJ20,01/04/2020,11:15:00,70600.00,70950.00,70575.00,70670.00,1918464193.00,135531
WINJ20,01/04/2020,11:10:00,70675.00,70795.00,70435.00,70600.00,1498082668.00,106093
WINJ20,01/04/2020,11:05:00,70410.00,70820.00,70295.00,70675.00,1952665264.00,138399
WINJ20,01/04/2020,11:00:00,70700.00,70950.00,70395.00,70410.00,2266235368.00,160404
WINJ20,01/04/2020,10:55:00,70705.00,70800.00,70575.00,70700.00,1410377673.00,99760
WINJ20,01/04/2020,10:50:00,70395.00,70775.00,70325.00,70705.00,1686559473.00,119558
WINJ20,01/04/2020,10:45:00,70470.00,70590.00,70175.00,70400.00,1565722036.00,111289
WINJ20,01/04/2020,10:40:00,70210.00,70655.00,70135.00,70470.00,2105995368.00,149578
WINJ20,01/04/2020,10:35:00,69930.00,70485.00,69700.00,70210.00,2537867969.00,180831
WINJ20,01/04/2020,10:30:00,69715.00,70130.00,69500.00,69930.00,2576457382.00,184490
WINJ20,01/04/2020,10:25:00,69670.00,69780.00,69510.00,69710.00,1219092270.00,87543
WINJ20,01/04/2020,10:20:00,69680.00,69830.00,69550.00,69665.00,1165616050.00,83636
WINJ20,01/04/2020,10:15:00,69775.00,69885.00,69540.00,69680.00,1426958580.00,102392
WINJ20,01/04/2020,10:10:00,69975.00,69980.00,69650.00,69775.00,1457748686.00,104464
WINJ20,01/04/2020,10:05:00,69980.00,70255.00,69935.00,69975.00,1285955431.00,91719
WINJ20,01/04/2020,10:00:00,69760.00,70100.00,69755.00,69980.00,1415993037.00,101213
WINJ20,01/04/2020,09:55:00,69865.00,69935.00,69625.00,69760.00,1298826130.00,93094
WINJ20,01/04/2020,09:50:00,69980.00,70180.00,69800.00,69870.00,1356604961.00,96941
WINJ20,01/04/2020,09:45:00,69835.00,70185.00,69835.00,69975.00,1535350401.00,109650
WINJ20,01/04/2020,09:40:00,69670.00,69935.00,69585.00,69835.00,1056822529.00,75776
WINJ20,01/04/2020,09:35:00,69795.00,69885.00,69625.00,69675.00,830291072.10,59506
WINJ20,01/04/2020,09:30:00,69640.00,69900.00,69605.00,69795.00,1201880127.00,86152
WINJ20,01/04/2020,09:25:00,69495.00,69650.00,69340.00,69635.00,946297132.80,68066
WINJ20,01/04/2020,09:20:00,69440.00,69735.00,69375.00,69490.00,1139956632.00,81939
WINJ20,01/04/2020,09:15:00,68970.00,69450.00,68970.00,69440.00,1151383640.00,83102
WINJ20,01/04/2020,09:10:00,69260.00,69400.00,68870.00,68965.00,1026197380.00,74264
WINJ20,01/04/2020,09:05:00,69405.00,69500.00,69100.00,69255.00,1063055310.00,76723
WINJ20,01/04/2020,09:00:00,69925.00,69980.00,69210.00,69405.00,618830105.00,44494